Feature,Coefficient,Absolute_Coefficient
categorical__Contract_Two year,-1.6179406027414456,1.6179406027414456
categorical__InternetService_Fiber optic,0.9125623721204363,0.9125623721204363
categorical__Contract_One year,-0.8573148121040834,0.8573148121040834
numeric__TotalCharges,-0.5677105982329863,0.5677105982329863
categorical__InternetService_No,0.5383848410201086,0.5383848410201086
categorical__PaymentMethod_Electronic check,0.4536500155764144,0.4536500155764144
categorical__PhoneService_Yes,-0.43862689625264406,0.43862689625264406
categorical__OnlineSecurity_Yes,-0.435114939885283,0.435114939885283
categorical__StreamingMovies_Yes,0.3800921049102951,0.3800921049102951
categorical__PaperlessBilling_Yes,0.37062304689698466,0.37062304689698466
categorical__TechSupport_Yes,-0.33868144692683383,0.33868144692683383
categorical__OnlineSecurity_No internet service,-0.3304945614499444,0.3304945614499444
categorical__DeviceProtection_No internet service,-0.3304945614499444,0.3304945614499444
categorical__TechSupport_No internet service,-0.3304945614499444,0.3304945614499444
categorical__OnlineBackup_No internet service,-0.3304945614499444,0.3304945614499444
categorical__StreamingMovies_No internet service,-0.3304945614499444,0.3304945614499444
categorical__MultipleLines_Yes,0.3240795503323758,0.3240795503323758
categorical__MultipleLines_No phone service,-0.2915865004441706,0.2915865004441706
categorical__StreamingTV_Yes,0.29080554044227797,0.29080554044227797
categorical__gender_Unknown,0.28801934178639776,0.28801934178639776
categorical__Dependents_Yes,-0.2537736966928459,0.2537736966928459
categorical__PaymentMethod_Mailed check,0.1937931448996617,0.1937931448996617
categorical__StreamingTV_Unknown,0.17428624884575325,0.17428624884575325
categorical__OnlineBackup_Yes,-0.14770287236355628,0.14770287236355628
categorical__Partner_Unknown,0.1450625772562005,0.1450625772562005
categorical__InternetService_Unknown,0.1450625772562005,0.1450625772562005
numeric__tenure,-0.11936913638403446,0.11936913638403446
categorical__StreamingTV_No internet service,0.10563827252039294,0.10563827252039294
numeric__SeniorCitizen,0.050746107891954474,0.050746107891954474
categorical__PaymentMethod_Credit card (automatic),-0.03449890278912134,0.03449890278912134
categorical__DeviceProtection_Yes,0.023218112890434642,0.023218112890434642
categorical__gender_Male,-0.01774753381478112,0.01774753381478112
numeric__MonthlyCharges,-0.017363373822766023,0.017363373822766023
categorical__Partner_Yes,0.013276853445618445,0.013276853445618445
